Train,Station,Prev Block,Start Block,End Block,Arrival Time,Driver,Crew 1,Crew 2
1,Glenbury 1,152,152,65,2024-08-01 00:01:13.845714,Alejandro,Alice,Barbra
1,Whited 2,64,65,22,2024-08-01 00:20:50.507982,Alejandro,Alice,Barbra
1,Glenbury 1,22,22,65,2024-08-01 00:21:20.507982,Alejandro,Alice,Barbra
1,Whited 2,64,65,22,2024-08-01 00:40:57.170250,Alejandro,Alice,Barbra
1,Glenbury 1,22,22,65,2024-08-01 00:41:27.170250,Alejandro,Alice,Barbra
1,Whited 2,64,65,22,2024-08-01 01:01:03.832518,Alejandro,Alice,Barbra
1,Glenbury 1,22,22,65,2024-08-01 01:01:33.832518,Alejandro,Alice,Barbra
1,Whited 2,64,65,22,2024-08-01 01:21:10.494786,Alejandro,Alice,Barbra
1,Glenbury 1,22,22,65,2024-08-01 01:21:40.494786,Alejandro,Alice,Barbra
1,Whited 2,64,65,22,2024-08-01 01:41:17.157054,Alejandro,Alice,Barbra
1,Glenbury 1,22,22,65,2024-08-01 01:41:47.157054,Alejandro,Alice,Barbra
1,Whited 2,64,65,22,2024-08-01 02:01:23.819322,Alejandro,Alice,Barbra
1,Glenbury 1,22,22,65,2024-08-01 02:01:53.819322,Alejandro,Alice,Barbra
1,Whited 2,64,65,22,2024-08-01 02:21:30.481590,Alejandro,Alice,Barbra
1,Glenbury 1,22,22,65,2024-08-01 02:22:00.481590,Alejandro,Alice,Barbra
1,Whited 2,64,65,22,2024-08-01 02:41:37.143858,Alejandro,Alice,Barbra
1,Glenbury 1,22,22,65,2024-08-01 02:42:07.143858,Alejandro,Alice,Barbra
1,Whited 2,64,65,22,2024-08-01 03:01:43.806126,Alejandro,Alice,Barbra
1,Glenbury 1,22,22,65,2024-08-01 03:02:13.806126,Alejandro,Alice,Barbra
1,Whited 2,64,65,22,2024-08-01 03:21:50.468394,Alejandro,Alice,Barbra
1,Glenbury 1,22,22,65,2024-08-01 03:22:20.468394,Alejandro,Alice,Barbra
1,Whited 2,64,65,22,2024-08-01 03:41:57.130662,Alejandro,Alice,Barbra
1,Glenbury 1,22,22,65,2024-08-01 03:42:27.130662,Alejandro,Alice,Barbra
1,Whited 2,64,65,22,2024-08-01 04:02:03.792930,Alejandro,Alice,Barbra
1,Yard,22,22,152,2024-08-01 04:02:33.792930,Alejandro,Alice,Barbra
1,Glenbury 1,152,152,65,2024-08-01 04:33:09.484358,Alejandro,Alice,Barbra
1,Whited 2,64,65,22,2024-08-01 04:52:46.146626,Alejandro,Alice,Barbra
1,Glenbury 1,22,22,65,2024-08-01 04:53:16.146626,Alejandro,Alice,Barbra
1,Whited 2,64,65,22,2024-08-01 05:12:52.808894,Alejandro,Alice,Barbra
1,Glenbury 1,22,22,65,2024-08-01 05:13:22.808894,Alejandro,Alice,Barbra
1,Whited 2,64,65,22,2024-08-01 05:32:59.471162,Alejandro,Alice,Barbra
1,Glenbury 1,22,22,65,2024-08-01 05:33:29.471162,Alejandro,Alice,Barbra
1,Whited 2,64,65,22,2024-08-01 05:53:06.133430,Alejandro,Alice,Barbra
1,Glenbury 1,22,22,65,2024-08-01 05:53:36.133430,Alejandro,Alice,Barbra
1,Whited 2,64,65,22,2024-08-01 06:13:12.795698,Alejandro,Alice,Barbra
1,Glenbury 1,22,22,65,2024-08-01 06:13:42.795698,Alejandro,Alice,Barbra
1,Whited 2,64,65,22,2024-08-01 06:33:19.457966,Alejandro,Alice,Barbra
1,Glenbury 1,22,22,65,2024-08-01 06:33:49.457966,Alejandro,Alice,Barbra
1,Whited 2,64,65,22,2024-08-01 06:53:26.120234,Alejandro,Alice,Barbra
1,Glenbury 1,22,22,65,2024-08-01 06:53:56.120234,Alejandro,Alice,Barbra
1,Whited 2,64,65,22,2024-08-01 07:13:32.782502,Alejandro,Alice,Barbra
1,Glenbury 1,22,22,65,2024-08-01 07:14:02.782502,Alejandro,Alice,Barbra
1,Whited 2,64,65,22,2024-08-01 07:33:39.444770,Alejandro,Alice,Barbra
1,Glenbury 1,22,22,65,2024-08-01 07:34:09.444770,Alejandro,Alice,Barbra
1,Whited 2,64,65,22,2024-08-01 07:53:46.107038,Alejandro,Alice,Barbra
1,Glenbury 1,22,22,65,2024-08-01 07:54:16.107038,Alejandro,Alice,Barbra
1,Whited 2,64,65,22,2024-08-01 08:13:52.769306,Alejandro,Alice,Barbra
1,Glenbury 1,22,22,65,2024-08-01 08:14:22.769306,Alejandro,Alice,Barbra
1,Glenbury 1,65,65,65,2024-08-01 08:14:52.769306,Alejandro,Alice,Barbra
1,Glenbury 1,65,65,65,2024-08-01 08:15:22.769306,Alejandro,Alice,Barbra
1,Glenbury 1,65,65,65,2024-08-01 08:15:52.769306,Alejandro,Alice,Barbra
1,Glenbury 1,65,65,65,2024-08-01 08:16:22.769306,Alejandro,Alice,Barbra
1,Glenbury 1,65,65,65,2024-08-01 08:16:52.769306,Alejandro,Alice,Barbra
1,Glenbury 1,65,65,65,2024-08-01 08:17:22.769306,Alejandro,Alice,Barbra
1,Glenbury 1,65,65,65,2024-08-01 08:17:52.769306,Alejandro,Alice,Barbra
1,Glenbury 1,65,65,65,2024-08-01 08:18:22.769306,Alejandro,Alice,Barbra
1,Glenbury 1,65,65,65,2024-08-01 08:18:52.769306,Alejandro,Alice,Barbra
1,Glenbury 1,65,65,65,2024-08-01 08:19:22.769306,Alejandro,Alice,Barbra
1,Glenbury 1,65,65,65,2024-08-01 08:19:52.769306,Alejandro,Alice,Barbra
1,Glenbury 1,65,65,65,2024-08-01 08:20:22.769306,Alejandro,Alice,Barbra
1,Glenbury 1,65,65,65,2024-08-01 08:20:52.769306,Alejandro,Alice,Barbra
1,Glenbury 1,65,65,65,2024-08-01 08:21:22.769306,Alejandro,Alice,Barbra
1,Glenbury 1,65,65,65,2024-08-01 08:21:52.769306,Alejandro,Alice,Barbra
1,Glenbury 1,65,65,65,2024-08-01 08:22:22.769306,Alejandro,Alice,Barbra
1,Glenbury 1,65,65,65,2024-08-01 08:22:52.769306,Alejandro,Alice,Barbra
1,Glenbury 1,65,65,65,2024-08-01 08:23:22.769306,Alejandro,Alice,Barbra
1,Glenbury 1,65,65,65,2024-08-01 08:23:52.769306,Alejandro,Alice,Barbra
1,Glenbury 1,65,65,65,2024-08-01 08:24:22.769306,Alejandro,Alice,Barbra
1,Glenbury 1,65,65,65,2024-08-01 08:24:52.769306,Alejandro,Alice,Barbra
1,Glenbury 1,65,65,65,2024-08-01 08:25:22.769306,Alejandro,Alice,Barbra
1,Glenbury 1,65,65,65,2024-08-01 08:25:52.769306,Alejandro,Alice,Barbra
1,Glenbury 1,65,65,65,2024-08-01 08:26:22.769306,Alejandro,Alice,Barbra
1,Glenbury 1,65,65,65,2024-08-01 08:26:52.769306,Alejandro,Alice,Barbra
1,Glenbury 1,65,65,65,2024-08-01 08:27:22.769306,Alejandro,Alice,Barbra
1,Glenbury 1,65,65,65,2024-08-01 08:27:52.769306,Alejandro,Alice,Barbra
1,Glenbury 1,65,65,65,2024-08-01 08:28:22.769306,Alejandro,Alice,Barbra
1,Glenbury 1,65,65,65,2024-08-01 08:28:52.769306,Alejandro,Alice,Barbra
1,Glenbury 1,65,65,65,2024-08-01 08:29:22.769306,Alejandro,Alice,Barbra
1,Glenbury 1,65,65,65,2024-08-01 08:29:52.769306,Alejandro,Alice,Barbra
1,Glenbury 1,65,65,65,2024-08-01 08:30:22.769306,Alejandro,Alice,Barbra
1,Glenbury 1,65,65,65,2024-08-01 08:30:52.769306,Alejandro,Alice,Barbra
1,Yard,65,65,152,2024-08-01 08:31:22.769306,Alejandro,Alice,Barbra
1,Glenbury 1,152,152,65,2024-08-01 08:31:13.845714,Bob,Cole,Dan
1,Whited 2,64,65,22,2024-08-01 08:50:50.507982,Bob,Cole,Dan
1,Glenbury 1,22,22,65,2024-08-01 08:51:20.507982,Bob,Cole,Dan
1,Whited 2,64,65,22,2024-08-01 09:10:57.170250,Bob,Cole,Dan
1,Glenbury 1,22,22,65,2024-08-01 09:11:27.170250,Bob,Cole,Dan
1,Whited 2,64,65,22,2024-08-01 09:31:03.832518,Bob,Cole,Dan
1,Glenbury 1,22,22,65,2024-08-01 09:31:33.832518,Bob,Cole,Dan
1,Whited 2,64,65,22,2024-08-01 09:51:10.494786,Bob,Cole,Dan
1,Glenbury 1,22,22,65,2024-08-01 09:51:40.494786,Bob,Cole,Dan
1,Whited 2,64,65,22,2024-08-01 10:11:17.157054,Bob,Cole,Dan
1,Glenbury 1,22,22,65,2024-08-01 10:11:47.157054,Bob,Cole,Dan
1,Whited 2,64,65,22,2024-08-01 10:31:23.819322,Bob,Cole,Dan
1,Glenbury 1,22,22,65,2024-08-01 10:31:53.819322,Bob,Cole,Dan
1,Whited 2,64,65,22,2024-08-01 10:51:30.481590,Bob,Cole,Dan
1,Glenbury 1,22,22,65,2024-08-01 10:52:00.481590,Bob,Cole,Dan
1,Whited 2,64,65,22,2024-08-01 11:11:37.143858,Bob,Cole,Dan
1,Glenbury 1,22,22,65,2024-08-01 11:12:07.143858,Bob,Cole,Dan
1,Whited 2,64,65,22,2024-08-01 11:31:43.806126,Bob,Cole,Dan
1,Glenbury 1,22,22,65,2024-08-01 11:32:13.806126,Bob,Cole,Dan
1,Whited 2,64,65,22,2024-08-01 11:51:50.468394,Bob,Cole,Dan
1,Glenbury 1,22,22,65,2024-08-01 11:52:20.468394,Bob,Cole,Dan
1,Whited 2,64,65,22,2024-08-01 12:11:57.130662,Bob,Cole,Dan
1,Glenbury 1,22,22,65,2024-08-01 12:12:27.130662,Bob,Cole,Dan
1,Whited 2,64,65,22,2024-08-01 12:32:03.792930,Bob,Cole,Dan
1,Yard,22,22,152,2024-08-01 12:32:33.792930,Bob,Cole,Dan
1,Glenbury 1,152,152,65,2024-08-01 13:03:09.484358,Bob,Cole,Dan
1,Whited 2,64,65,22,2024-08-01 13:22:46.146626,Bob,Cole,Dan
1,Glenbury 1,22,22,65,2024-08-01 13:23:16.146626,Bob,Cole,Dan
1,Whited 2,64,65,22,2024-08-01 13:42:52.808894,Bob,Cole,Dan
1,Glenbury 1,22,22,65,2024-08-01 13:43:22.808894,Bob,Cole,Dan
1,Whited 2,64,65,22,2024-08-01 14:02:59.471162,Bob,Cole,Dan
1,Glenbury 1,22,22,65,2024-08-01 14:03:29.471162,Bob,Cole,Dan
1,Whited 2,64,65,22,2024-08-01 14:23:06.133430,Bob,Cole,Dan
1,Glenbury 1,22,22,65,2024-08-01 14:23:36.133430,Bob,Cole,Dan
1,Whited 2,64,65,22,2024-08-01 14:43:12.795698,Bob,Cole,Dan
1,Glenbury 1,22,22,65,2024-08-01 14:43:42.795698,Bob,Cole,Dan
1,Whited 2,64,65,22,2024-08-01 15:03:19.457966,Bob,Cole,Dan
1,Glenbury 1,22,22,65,2024-08-01 15:03:49.457966,Bob,Cole,Dan
1,Whited 2,64,65,22,2024-08-01 15:23:26.120234,Bob,Cole,Dan
1,Glenbury 1,22,22,65,2024-08-01 15:23:56.120234,Bob,Cole,Dan
1,Whited 2,64,65,22,2024-08-01 15:43:32.782502,Bob,Cole,Dan
1,Glenbury 1,22,22,65,2024-08-01 15:44:02.782502,Bob,Cole,Dan
1,Whited 2,64,65,22,2024-08-01 16:03:39.444770,Bob,Cole,Dan
1,Glenbury 1,22,22,65,2024-08-01 16:04:09.444770,Bob,Cole,Dan
1,Whited 2,64,65,22,2024-08-01 16:23:46.107038,Bob,Cole,Dan
1,Glenbury 1,22,22,65,2024-08-01 16:24:16.107038,Bob,Cole,Dan
1,Whited 2,64,65,22,2024-08-01 16:43:52.769306,Bob,Cole,Dan
1,Glenbury 1,22,22,65,2024-08-01 16:44:22.769306,Bob,Cole,Dan
1,Glenbury 1,65,65,65,2024-08-01 16:44:52.769306,Bob,Cole,Dan
1,Glenbury 1,65,65,65,2024-08-01 16:45:22.769306,Bob,Cole,Dan
1,Glenbury 1,65,65,65,2024-08-01 16:45:52.769306,Bob,Cole,Dan
1,Glenbury 1,65,65,65,2024-08-01 16:46:22.769306,Bob,Cole,Dan
1,Glenbury 1,65,65,65,2024-08-01 16:46:52.769306,Bob,Cole,Dan
1,Glenbury 1,65,65,65,2024-08-01 16:47:22.769306,Bob,Cole,Dan
1,Glenbury 1,65,65,65,2024-08-01 16:47:52.769306,Bob,Cole,Dan
1,Glenbury 1,65,65,65,2024-08-01 16:48:22.769306,Bob,Cole,Dan
1,Glenbury 1,65,65,65,2024-08-01 16:48:52.769306,Bob,Cole,Dan
1,Glenbury 1,65,65,65,2024-08-01 16:49:22.769306,Bob,Cole,Dan
1,Glenbury 1,65,65,65,2024-08-01 16:49:52.769306,Bob,Cole,Dan
1,Glenbury 1,65,65,65,2024-08-01 16:50:22.769306,Bob,Cole,Dan
1,Glenbury 1,65,65,65,2024-08-01 16:50:52.769306,Bob,Cole,Dan
1,Glenbury 1,65,65,65,2024-08-01 16:51:22.769306,Bob,Cole,Dan
1,Glenbury 1,65,65,65,2024-08-01 16:51:52.769306,Bob,Cole,Dan
1,Glenbury 1,65,65,65,2024-08-01 16:52:22.769306,Bob,Cole,Dan
1,Glenbury 1,65,65,65,2024-08-01 16:52:52.769306,Bob,Cole,Dan
1,Glenbury 1,65,65,65,2024-08-01 16:53:22.769306,Bob,Cole,Dan
1,Glenbury 1,65,65,65,2024-08-01 16:53:52.769306,Bob,Cole,Dan
1,Glenbury 1,65,65,65,2024-08-01 16:54:22.769306,Bob,Cole,Dan
1,Glenbury 1,65,65,65,2024-08-01 16:54:52.769306,Bob,Cole,Dan
1,Glenbury 1,65,65,65,2024-08-01 16:55:22.769306,Bob,Cole,Dan
1,Glenbury 1,65,65,65,2024-08-01 16:55:52.769306,Bob,Cole,Dan
1,Glenbury 1,65,65,65,2024-08-01 16:56:22.769306,Bob,Cole,Dan
1,Glenbury 1,65,65,65,2024-08-01 16:56:52.769306,Bob,Cole,Dan
1,Glenbury 1,65,65,65,2024-08-01 16:57:22.769306,Bob,Cole,Dan
1,Glenbury 1,65,65,65,2024-08-01 16:57:52.769306,Bob,Cole,Dan
1,Glenbury 1,65,65,65,2024-08-01 16:58:22.769306,Bob,Cole,Dan
1,Glenbury 1,65,65,65,2024-08-01 16:58:52.769306,Bob,Cole,Dan
1,Glenbury 1,65,65,65,2024-08-01 16:59:22.769306,Bob,Cole,Dan
1,Glenbury 1,65,65,65,2024-08-01 16:59:52.769306,Bob,Cole,Dan
1,Glenbury 1,65,65,65,2024-08-01 17:00:22.769306,Bob,Cole,Dan
1,Glenbury 1,65,65,65,2024-08-01 17:00:52.769306,Bob,Cole,Dan
1,Yard,65,65,152,2024-08-01 17:01:22.769306,Bob,Cole,Dan
1,Glenbury 1,152,152,65,2024-08-01 17:01:13.845714,Charlie,Earl,Fern
1,Whited 2,64,65,22,2024-08-01 17:20:50.507982,Charlie,Earl,Fern
1,Glenbury 1,22,22,65,2024-08-01 17:21:20.507982,Charlie,Earl,Fern
1,Whited 2,64,65,22,2024-08-01 17:40:57.170250,Charlie,Earl,Fern
1,Glenbury 1,22,22,65,2024-08-01 17:41:27.170250,Charlie,Earl,Fern
1,Whited 2,64,65,22,2024-08-01 18:01:03.832518,Charlie,Earl,Fern
1,Glenbury 1,22,22,65,2024-08-01 18:01:33.832518,Charlie,Earl,Fern
1,Whited 2,64,65,22,2024-08-01 18:21:10.494786,Charlie,Earl,Fern
1,Glenbury 1,22,22,65,2024-08-01 18:21:40.494786,Charlie,Earl,Fern
1,Whited 2,64,65,22,2024-08-01 18:41:17.157054,Charlie,Earl,Fern
1,Glenbury 1,22,22,65,2024-08-01 18:41:47.157054,Charlie,Earl,Fern
1,Whited 2,64,65,22,2024-08-01 19:01:23.819322,Charlie,Earl,Fern
1,Glenbury 1,22,22,65,2024-08-01 19:01:53.819322,Charlie,Earl,Fern
1,Whited 2,64,65,22,2024-08-01 19:21:30.481590,Charlie,Earl,Fern
1,Glenbury 1,22,22,65,2024-08-01 19:22:00.481590,Charlie,Earl,Fern
1,Whited 2,64,65,22,2024-08-01 19:41:37.143858,Charlie,Earl,Fern
1,Glenbury 1,22,22,65,2024-08-01 19:42:07.143858,Charlie,Earl,Fern
1,Whited 2,64,65,22,2024-08-01 20:01:43.806126,Charlie,Earl,Fern
1,Glenbury 1,22,22,65,2024-08-01 20:02:13.806126,Charlie,Earl,Fern
1,Whited 2,64,65,22,2024-08-01 20:21:50.468394,Charlie,Earl,Fern
1,Glenbury 1,22,22,65,2024-08-01 20:22:20.468394,Charlie,Earl,Fern
1,Whited 2,64,65,22,2024-08-01 20:41:57.130662,Charlie,Earl,Fern
1,Glenbury 1,22,22,65,2024-08-01 20:42:27.130662,Charlie,Earl,Fern
1,Whited 2,64,65,22,2024-08-01 21:02:03.792930,Charlie,Earl,Fern
1,Yard,22,22,152,2024-08-01 21:02:33.792930,Charlie,Earl,Fern
1,Glenbury 1,152,152,65,2024-08-01 21:33:09.484358,Charlie,Earl,Fern
1,Whited 2,64,65,22,2024-08-01 21:52:46.146626,Charlie,Earl,Fern
1,Glenbury 1,22,22,65,2024-08-01 21:53:16.146626,Charlie,Earl,Fern
1,Whited 2,64,65,22,2024-08-01 22:12:52.808894,Charlie,Earl,Fern
1,Glenbury 1,22,22,65,2024-08-01 22:13:22.808894,Charlie,Earl,Fern
1,Whited 2,64,65,22,2024-08-01 22:32:59.471162,Charlie,Earl,Fern
1,Glenbury 1,22,22,65,2024-08-01 22:33:29.471162,Charlie,Earl,Fern
1,Whited 2,64,65,22,2024-08-01 22:53:06.133430,Charlie,Earl,Fern
1,Glenbury 1,22,22,65,2024-08-01 22:53:36.133430,Charlie,Earl,Fern
1,Whited 2,64,65,22,2024-08-01 23:13:12.795698,Charlie,Earl,Fern
1,Glenbury 1,22,22,65,2024-08-01 23:13:42.795698,Charlie,Earl,Fern
1,Whited 2,64,65,22,2024-08-01 23:33:19.457966,Charlie,Earl,Fern
1,Glenbury 1,22,22,65,2024-08-01 23:33:49.457966,Charlie,Earl,Fern
1,Whited 2,64,65,22,2024-08-01 23:53:26.120234,Charlie,Earl,Fern
1,Glenbury 1,22,22,65,2024-08-01 23:53:56.120234,Charlie,Earl,Fern
1,Whited 2,64,65,22,2024-08-02 00:13:32.782502,Charlie,Earl,Fern
1,Yard,22,22,152,2024-08-02 00:14:02.782502,Charlie,Earl,Fern
2,Glenbury 1,152,152,65,2024-08-01 00:16:13.845714,David,George,Hank
2,Whited 2,64,65,22,2024-08-01 00:35:50.507982,David,George,Hank
2,Glenbury 1,22,22,65,2024-08-01 00:36:20.507982,David,George,Hank
2,Whited 2,64,65,22,2024-08-01 00:55:57.170250,David,George,Hank
2,Glenbury 1,22,22,65,2024-08-01 00:56:27.170250,David,George,Hank
2,Whited 2,64,65,22,2024-08-01 01:16:03.832518,David,George,Hank
2,Glenbury 1,22,22,65,2024-08-01 01:16:33.832518,David,George,Hank
2,Whited 2,64,65,22,2024-08-01 01:36:10.494786,David,George,Hank
2,Glenbury 1,22,22,65,2024-08-01 01:36:40.494786,David,George,Hank
2,Whited 2,64,65,22,2024-08-01 01:56:17.157054,David,George,Hank
2,Glenbury 1,22,22,65,2024-08-01 01:56:47.157054,David,George,Hank
2,Whited 2,64,65,22,2024-08-01 02:16:23.819322,David,George,Hank
2,Glenbury 1,22,22,65,2024-08-01 02:16:53.819322,David,George,Hank
2,Whited 2,64,65,22,2024-08-01 02:36:30.481590,David,George,Hank
2,Glenbury 1,22,22,65,2024-08-01 02:37:00.481590,David,George,Hank
2,Whited 2,64,65,22,2024-08-01 02:56:37.143858,David,George,Hank
2,Glenbury 1,22,22,65,2024-08-01 02:57:07.143858,David,George,Hank
2,Whited 2,64,65,22,2024-08-01 03:16:43.806126,David,George,Hank
2,Glenbury 1,22,22,65,2024-08-01 03:17:13.806126,David,George,Hank
2,Whited 2,64,65,22,2024-08-01 03:36:50.468394,David,George,Hank
2,Glenbury 1,22,22,65,2024-08-01 03:37:20.468394,David,George,Hank
2,Whited 2,64,65,22,2024-08-01 03:56:57.130662,David,George,Hank
2,Glenbury 1,22,22,65,2024-08-01 03:57:27.130662,David,George,Hank
2,Whited 2,64,65,22,2024-08-01 04:17:03.792930,David,George,Hank
2,Yard,22,22,152,2024-08-01 04:17:33.792930,David,George,Hank
2,Glenbury 1,152,152,65,2024-08-01 04:48:09.484358,David,George,Hank
2,Whited 2,64,65,22,2024-08-01 05:07:46.146626,David,George,Hank
2,Glenbury 1,22,22,65,2024-08-01 05:08:16.146626,David,George,Hank
2,Whited 2,64,65,22,2024-08-01 05:27:52.808894,David,George,Hank
2,Glenbury 1,22,22,65,2024-08-01 05:28:22.808894,David,George,Hank
2,Whited 2,64,65,22,2024-08-01 05:47:59.471162,David,George,Hank
2,Glenbury 1,22,22,65,2024-08-01 05:48:29.471162,David,George,Hank
2,Whited 2,64,65,22,2024-08-01 06:08:06.133430,David,George,Hank
2,Glenbury 1,22,22,65,2024-08-01 06:08:36.133430,David,George,Hank
2,Whited 2,64,65,22,2024-08-01 06:28:12.795698,David,George,Hank
2,Glenbury 1,22,22,65,2024-08-01 06:28:42.795698,David,George,Hank
2,Whited 2,64,65,22,2024-08-01 06:48:19.457966,David,George,Hank
2,Glenbury 1,22,22,65,2024-08-01 06:48:49.457966,David,George,Hank
2,Whited 2,64,65,22,2024-08-01 07:08:26.120234,David,George,Hank
2,Glenbury 1,22,22,65,2024-08-01 07:08:56.120234,David,George,Hank
2,Whited 2,64,65,22,2024-08-01 07:28:32.782502,David,George,Hank
2,Glenbury 1,22,22,65,2024-08-01 07:29:02.782502,David,George,Hank
2,Whited 2,64,65,22,2024-08-01 07:48:39.444770,David,George,Hank
2,Glenbury 1,22,22,65,2024-08-01 07:49:09.444770,David,George,Hank
2,Whited 2,64,65,22,2024-08-01 08:08:46.107038,David,George,Hank
2,Glenbury 1,22,22,65,2024-08-01 08:09:16.107038,David,George,Hank
2,Whited 2,64,65,22,2024-08-01 08:28:52.769306,David,George,Hank
2,Glenbury 1,22,22,65,2024-08-01 08:29:22.769306,David,George,Hank
2,Glenbury 1,65,65,65,2024-08-01 08:29:52.769306,David,George,Hank
2,Glenbury 1,65,65,65,2024-08-01 08:30:22.769306,David,George,Hank
2,Glenbury 1,65,65,65,2024-08-01 08:30:52.769306,David,George,Hank
2,Glenbury 1,65,65,65,2024-08-01 08:31:22.769306,David,George,Hank
2,Glenbury 1,65,65,65,2024-08-01 08:31:52.769306,David,George,Hank
2,Glenbury 1,65,65,65,2024-08-01 08:32:22.769306,David,George,Hank
2,Glenbury 1,65,65,65,2024-08-01 08:32:52.769306,David,George,Hank
2,Glenbury 1,65,65,65,2024-08-01 08:33:22.769306,David,George,Hank
2,Glenbury 1,65,65,65,2024-08-01 08:33:52.769306,David,George,Hank
2,Glenbury 1,65,65,65,2024-08-01 08:34:22.769306,David,George,Hank
2,Glenbury 1,65,65,65,2024-08-01 08:34:52.769306,David,George,Hank
2,Glenbury 1,65,65,65,2024-08-01 08:35:22.769306,David,George,Hank
2,Glenbury 1,65,65,65,2024-08-01 08:35:52.769306,David,George,Hank
2,Glenbury 1,65,65,65,2024-08-01 08:36:22.769306,David,George,Hank
2,Glenbury 1,65,65,65,2024-08-01 08:36:52.769306,David,George,Hank
2,Glenbury 1,65,65,65,2024-08-01 08:37:22.769306,David,George,Hank
2,Glenbury 1,65,65,65,2024-08-01 08:37:52.769306,David,George,Hank
2,Glenbury 1,65,65,65,2024-08-01 08:38:22.769306,David,George,Hank
2,Glenbury 1,65,65,65,2024-08-01 08:38:52.769306,David,George,Hank
2,Glenbury 1,65,65,65,2024-08-01 08:39:22.769306,David,George,Hank
2,Glenbury 1,65,65,65,2024-08-01 08:39:52.769306,David,George,Hank
2,Glenbury 1,65,65,65,2024-08-01 08:40:22.769306,David,George,Hank
2,Glenbury 1,65,65,65,2024-08-01 08:40:52.769306,David,George,Hank
2,Glenbury 1,65,65,65,2024-08-01 08:41:22.769306,David,George,Hank
2,Glenbury 1,65,65,65,2024-08-01 08:41:52.769306,David,George,Hank
2,Glenbury 1,65,65,65,2024-08-01 08:42:22.769306,David,George,Hank
2,Glenbury 1,65,65,65,2024-08-01 08:42:52.769306,David,George,Hank
2,Glenbury 1,65,65,65,2024-08-01 08:43:22.769306,David,George,Hank
2,Glenbury 1,65,65,65,2024-08-01 08:43:52.769306,David,George,Hank
2,Glenbury 1,65,65,65,2024-08-01 08:44:22.769306,David,George,Hank
2,Glenbury 1,65,65,65,2024-08-01 08:44:52.769306,David,George,Hank
2,Glenbury 1,65,65,65,2024-08-01 08:45:22.769306,David,George,Hank
2,Glenbury 1,65,65,65,2024-08-01 08:45:52.769306,David,George,Hank
2,Yard,65,65,152,2024-08-01 08:46:22.769306,David,George,Hank
2,Glenbury 1,152,152,65,2024-08-01 08:46:13.845714,Eve,Ian,Jack
2,Whited 2,64,65,22,2024-08-01 09:05:50.507982,Eve,Ian,Jack
2,Glenbury 1,22,22,65,2024-08-01 09:06:20.507982,Eve,Ian,Jack
2,Whited 2,64,65,22,2024-08-01 09:25:57.170250,Eve,Ian,Jack
2,Glenbury 1,22,22,65,2024-08-01 09:26:27.170250,Eve,Ian,Jack
2,Whited 2,64,65,22,2024-08-01 09:46:03.832518,Eve,Ian,Jack
2,Glenbury 1,22,22,65,2024-08-01 09:46:33.832518,Eve,Ian,Jack
2,Whited 2,64,65,22,2024-08-01 10:06:10.494786,Eve,Ian,Jack
2,Glenbury 1,22,22,65,2024-08-01 10:06:40.494786,Eve,Ian,Jack
2,Whited 2,64,65,22,2024-08-01 10:26:17.157054,Eve,Ian,Jack
2,Glenbury 1,22,22,65,2024-08-01 10:26:47.157054,Eve,Ian,Jack
2,Whited 2,64,65,22,2024-08-01 10:46:23.819322,Eve,Ian,Jack
2,Glenbury 1,22,22,65,2024-08-01 10:46:53.819322,Eve,Ian,Jack
2,Whited 2,64,65,22,2024-08-01 11:06:30.481590,Eve,Ian,Jack
2,Glenbury 1,22,22,65,2024-08-01 11:07:00.481590,Eve,Ian,Jack
2,Whited 2,64,65,22,2024-08-01 11:26:37.143858,Eve,Ian,Jack
2,Glenbury 1,22,22,65,2024-08-01 11:27:07.143858,Eve,Ian,Jack
2,Whited 2,64,65,22,2024-08-01 11:46:43.806126,Eve,Ian,Jack
2,Glenbury 1,22,22,65,2024-08-01 11:47:13.806126,Eve,Ian,Jack
2,Whited 2,64,65,22,2024-08-01 12:06:50.468394,Eve,Ian,Jack
2,Glenbury 1,22,22,65,2024-08-01 12:07:20.468394,Eve,Ian,Jack
2,Whited 2,64,65,22,2024-08-01 12:26:57.130662,Eve,Ian,Jack
2,Glenbury 1,22,22,65,2024-08-01 12:27:27.130662,Eve,Ian,Jack
2,Whited 2,64,65,22,2024-08-01 12:47:03.792930,Eve,Ian,Jack
2,Yard,22,22,152,2024-08-01 12:47:33.792930,Eve,Ian,Jack
2,Glenbury 1,152,152,65,2024-08-01 13:18:09.484358,Eve,Ian,Jack
2,Whited 2,64,65,22,2024-08-01 13:37:46.146626,Eve,Ian,Jack
2,Glenbury 1,22,22,65,2024-08-01 13:38:16.146626,Eve,Ian,Jack
2,Whited 2,64,65,22,2024-08-01 13:57:52.808894,Eve,Ian,Jack
2,Glenbury 1,22,22,65,2024-08-01 13:58:22.808894,Eve,Ian,Jack
2,Whited 2,64,65,22,2024-08-01 14:17:59.471162,Eve,Ian,Jack
2,Glenbury 1,22,22,65,2024-08-01 14:18:29.471162,Eve,Ian,Jack
2,Whited 2,64,65,22,2024-08-01 14:38:06.133430,Eve,Ian,Jack
2,Glenbury 1,22,22,65,2024-08-01 14:38:36.133430,Eve,Ian,Jack
2,Whited 2,64,65,22,2024-08-01 14:58:12.795698,Eve,Ian,Jack
2,Glenbury 1,22,22,65,2024-08-01 14:58:42.795698,Eve,Ian,Jack
2,Whited 2,64,65,22,2024-08-01 15:18:19.457966,Eve,Ian,Jack
2,Glenbury 1,22,22,65,2024-08-01 15:18:49.457966,Eve,Ian,Jack
2,Whited 2,64,65,22,2024-08-01 15:38:26.120234,Eve,Ian,Jack
2,Glenbury 1,22,22,65,2024-08-01 15:38:56.120234,Eve,Ian,Jack
2,Whited 2,64,65,22,2024-08-01 15:58:32.782502,Eve,Ian,Jack
2,Glenbury 1,22,22,65,2024-08-01 15:59:02.782502,Eve,Ian,Jack
2,Whited 2,64,65,22,2024-08-01 16:18:39.444770,Eve,Ian,Jack
2,Glenbury 1,22,22,65,2024-08-01 16:19:09.444770,Eve,Ian,Jack
2,Whited 2,64,65,22,2024-08-01 16:38:46.107038,Eve,Ian,Jack
2,Glenbury 1,22,22,65,2024-08-01 16:39:16.107038,Eve,Ian,Jack
2,Whited 2,64,65,22,2024-08-01 16:58:52.769306,Eve,Ian,Jack
2,Glenbury 1,22,22,65,2024-08-01 16:59:22.769306,Eve,Ian,Jack
2,Glenbury 1,65,65,65,2024-08-01 16:59:52.769306,Eve,Ian,Jack
2,Glenbury 1,65,65,65,2024-08-01 17:00:22.769306,Eve,Ian,Jack
2,Glenbury 1,65,65,65,2024-08-01 17:00:52.769306,Eve,Ian,Jack
2,Glenbury 1,65,65,65,2024-08-01 17:01:22.769306,Eve,Ian,Jack
2,Glenbury 1,65,65,65,2024-08-01 17:01:52.769306,Eve,Ian,Jack
2,Glenbury 1,65,65,65,2024-08-01 17:02:22.769306,Eve,Ian,Jack
2,Glenbury 1,65,65,65,2024-08-01 17:02:52.769306,Eve,Ian,Jack
2,Glenbury 1,65,65,65,2024-08-01 17:03:22.769306,Eve,Ian,Jack
2,Glenbury 1,65,65,65,2024-08-01 17:03:52.769306,Eve,Ian,Jack
2,Glenbury 1,65,65,65,2024-08-01 17:04:22.769306,Eve,Ian,Jack
2,Glenbury 1,65,65,65,2024-08-01 17:04:52.769306,Eve,Ian,Jack
2,Glenbury 1,65,65,65,2024-08-01 17:05:22.769306,Eve,Ian,Jack
2,Glenbury 1,65,65,65,2024-08-01 17:05:52.769306,Eve,Ian,Jack
2,Glenbury 1,65,65,65,2024-08-01 17:06:22.769306,Eve,Ian,Jack
2,Glenbury 1,65,65,65,2024-08-01 17:06:52.769306,Eve,Ian,Jack
2,Glenbury 1,65,65,65,2024-08-01 17:07:22.769306,Eve,Ian,Jack
2,Glenbury 1,65,65,65,2024-08-01 17:07:52.769306,Eve,Ian,Jack
2,Glenbury 1,65,65,65,2024-08-01 17:08:22.769306,Eve,Ian,Jack
2,Glenbury 1,65,65,65,2024-08-01 17:08:52.769306,Eve,Ian,Jack
2,Glenbury 1,65,65,65,2024-08-01 17:09:22.769306,Eve,Ian,Jack
2,Glenbury 1,65,65,65,2024-08-01 17:09:52.769306,Eve,Ian,Jack
2,Glenbury 1,65,65,65,2024-08-01 17:10:22.769306,Eve,Ian,Jack
2,Glenbury 1,65,65,65,2024-08-01 17:10:52.769306,Eve,Ian,Jack
2,Glenbury 1,65,65,65,2024-08-01 17:11:22.769306,Eve,Ian,Jack
2,Glenbury 1,65,65,65,2024-08-01 17:11:52.769306,Eve,Ian,Jack
2,Glenbury 1,65,65,65,2024-08-01 17:12:22.769306,Eve,Ian,Jack
2,Glenbury 1,65,65,65,2024-08-01 17:12:52.769306,Eve,Ian,Jack
2,Glenbury 1,65,65,65,2024-08-01 17:13:22.769306,Eve,Ian,Jack
2,Glenbury 1,65,65,65,2024-08-01 17:13:52.769306,Eve,Ian,Jack
2,Glenbury 1,65,65,65,2024-08-01 17:14:22.769306,Eve,Ian,Jack
2,Glenbury 1,65,65,65,2024-08-01 17:14:52.769306,Eve,Ian,Jack
2,Glenbury 1,65,65,65,2024-08-01 17:15:22.769306,Eve,Ian,Jack
2,Glenbury 1,65,65,65,2024-08-01 17:15:52.769306,Eve,Ian,Jack
2,Yard,65,65,152,2024-08-01 17:16:22.769306,Eve,Ian,Jack
2,Glenbury 1,152,152,65,2024-08-01 17:16:13.845714,Frank,Karen,Leo
2,Whited 2,64,65,22,2024-08-01 17:35:50.507982,Frank,Karen,Leo
2,Glenbury 1,22,22,65,2024-08-01 17:36:20.507982,Frank,Karen,Leo
2,Whited 2,64,65,22,2024-08-01 17:55:57.170250,Frank,Karen,Leo
2,Glenbury 1,22,22,65,2024-08-01 17:56:27.170250,Frank,Karen,Leo
2,Whited 2,64,65,22,2024-08-01 18:16:03.832518,Frank,Karen,Leo
2,Glenbury 1,22,22,65,2024-08-01 18:16:33.832518,Frank,Karen,Leo
2,Whited 2,64,65,22,2024-08-01 18:36:10.494786,Frank,Karen,Leo
2,Glenbury 1,22,22,65,2024-08-01 18:36:40.494786,Frank,Karen,Leo
2,Whited 2,64,65,22,2024-08-01 18:56:17.157054,Frank,Karen,Leo
2,Glenbury 1,22,22,65,2024-08-01 18:56:47.157054,Frank,Karen,Leo
2,Whited 2,64,65,22,2024-08-01 19:16:23.819322,Frank,Karen,Leo
2,Glenbury 1,22,22,65,2024-08-01 19:16:53.819322,Frank,Karen,Leo
2,Whited 2,64,65,22,2024-08-01 19:36:30.481590,Frank,Karen,Leo
2,Glenbury 1,22,22,65,2024-08-01 19:37:00.481590,Frank,Karen,Leo
2,Whited 2,64,65,22,2024-08-01 19:56:37.143858,Frank,Karen,Leo
2,Glenbury 1,22,22,65,2024-08-01 19:57:07.143858,Frank,Karen,Leo
2,Whited 2,64,65,22,2024-08-01 20:16:43.806126,Frank,Karen,Leo
2,Glenbury 1,22,22,65,2024-08-01 20:17:13.806126,Frank,Karen,Leo
2,Whited 2,64,65,22,2024-08-01 20:36:50.468394,Frank,Karen,Leo
2,Glenbury 1,22,22,65,2024-08-01 20:37:20.468394,Frank,Karen,Leo
2,Whited 2,64,65,22,2024-08-01 20:56:57.130662,Frank,Karen,Leo
2,Glenbury 1,22,22,65,2024-08-01 20:57:27.130662,Frank,Karen,Leo
2,Whited 2,64,65,22,2024-08-01 21:17:03.792930,Frank,Karen,Leo
2,Yard,22,22,152,2024-08-01 21:17:33.792930,Frank,Karen,Leo
2,Glenbury 1,152,152,65,2024-08-01 21:48:09.484358,Frank,Karen,Leo
2,Whited 2,64,65,22,2024-08-01 22:07:46.146626,Frank,Karen,Leo
2,Glenbury 1,22,22,65,2024-08-01 22:08:16.146626,Frank,Karen,Leo
2,Whited 2,64,65,22,2024-08-01 22:27:52.808894,Frank,Karen,Leo
2,Glenbury 1,22,22,65,2024-08-01 22:28:22.808894,Frank,Karen,Leo
2,Whited 2,64,65,22,2024-08-01 22:47:59.471162,Frank,Karen,Leo
2,Glenbury 1,22,22,65,2024-08-01 22:48:29.471162,Frank,Karen,Leo
2,Whited 2,64,65,22,2024-08-01 23:08:06.133430,Frank,Karen,Leo
2,Glenbury 1,22,22,65,2024-08-01 23:08:36.133430,Frank,Karen,Leo
2,Whited 2,64,65,22,2024-08-01 23:28:12.795698,Frank,Karen,Leo
2,Glenbury 1,22,22,65,2024-08-01 23:28:42.795698,Frank,Karen,Leo
2,Whited 2,64,65,22,2024-08-01 23:48:19.457966,Frank,Karen,Leo
2,Glenbury 1,22,22,65,2024-08-01 23:48:49.457966,Frank,Karen,Leo
2,Whited 2,64,65,22,2024-08-02 00:08:26.120234,Frank,Karen,Leo
2,Yard,22,22,152,2024-08-02 00:08:56.120234,Frank,Karen,Leo
3,Glenbury 1,152,152,65,2024-08-01 00:31:13.845714,Grace,Morgan,Niel
3,Whited 2,64,65,22,2024-08-01 00:50:50.507982,Grace,Morgan,Niel
3,Glenbury 1,22,22,65,2024-08-01 00:51:20.507982,Grace,Morgan,Niel
3,Whited 2,64,65,22,2024-08-01 01:10:57.170250,Grace,Morgan,Niel
3,Glenbury 1,22,22,65,2024-08-01 01:11:27.170250,Grace,Morgan,Niel
3,Whited 2,64,65,22,2024-08-01 01:31:03.832518,Grace,Morgan,Niel
3,Glenbury 1,22,22,65,2024-08-01 01:31:33.832518,Grace,Morgan,Niel
3,Whited 2,64,65,22,2024-08-01 01:51:10.494786,Grace,Morgan,Niel
3,Glenbury 1,22,22,65,2024-08-01 01:51:40.494786,Grace,Morgan,Niel
3,Whited 2,64,65,22,2024-08-01 02:11:17.157054,Grace,Morgan,Niel
3,Glenbury 1,22,22,65,2024-08-01 02:11:47.157054,Grace,Morgan,Niel
3,Whited 2,64,65,22,2024-08-01 02:31:23.819322,Grace,Morgan,Niel
3,Glenbury 1,22,22,65,2024-08-01 02:31:53.819322,Grace,Morgan,Niel
3,Whited 2,64,65,22,2024-08-01 02:51:30.481590,Grace,Morgan,Niel
3,Glenbury 1,22,22,65,2024-08-01 02:52:00.481590,Grace,Morgan,Niel
3,Whited 2,64,65,22,2024-08-01 03:11:37.143858,Grace,Morgan,Niel
3,Glenbury 1,22,22,65,2024-08-01 03:12:07.143858,Grace,Morgan,Niel
3,Whited 2,64,65,22,2024-08-01 03:31:43.806126,Grace,Morgan,Niel
3,Glenbury 1,22,22,65,2024-08-01 03:32:13.806126,Grace,Morgan,Niel
3,Whited 2,64,65,22,2024-08-01 03:51:50.468394,Grace,Morgan,Niel
3,Glenbury 1,22,22,65,2024-08-01 03:52:20.468394,Grace,Morgan,Niel
3,Whited 2,64,65,22,2024-08-01 04:11:57.130662,Grace,Morgan,Niel
3,Glenbury 1,22,22,65,2024-08-01 04:12:27.130662,Grace,Morgan,Niel
3,Whited 2,64,65,22,2024-08-01 04:32:03.792930,Grace,Morgan,Niel
3,Yard,22,22,152,2024-08-01 04:32:33.792930,Grace,Morgan,Niel
3,Glenbury 1,152,152,65,2024-08-01 05:03:09.484358,Grace,Morgan,Niel
3,Whited 2,64,65,22,2024-08-01 05:22:46.146626,Grace,Morgan,Niel
3,Glenbury 1,22,22,65,2024-08-01 05:23:16.146626,Grace,Morgan,Niel
3,Whited 2,64,65,22,2024-08-01 05:42:52.808894,Grace,Morgan,Niel
3,Glenbury 1,22,22,65,2024-08-01 05:43:22.808894,Grace,Morgan,Niel
3,Whited 2,64,65,22,2024-08-01 06:02:59.471162,Grace,Morgan,Niel
3,Glenbury 1,22,22,65,2024-08-01 06:03:29.471162,Grace,Morgan,Niel
3,Whited 2,64,65,22,2024-08-01 06:23:06.133430,Grace,Morgan,Niel
3,Glenbury 1,22,22,65,2024-08-01 06:23:36.133430,Grace,Morgan,Niel
3,Whited 2,64,65,22,2024-08-01 06:43:12.795698,Grace,Morgan,Niel
3,Glenbury 1,22,22,65,2024-08-01 06:43:42.795698,Grace,Morgan,Niel
3,Whited 2,64,65,22,2024-08-01 07:03:19.457966,Grace,Morgan,Niel
3,Glenbury 1,22,22,65,2024-08-01 07:03:49.457966,Grace,Morgan,Niel
3,Whited 2,64,65,22,2024-08-01 07:23:26.120234,Grace,Morgan,Niel
3,Glenbury 1,22,22,65,2024-08-01 07:23:56.120234,Grace,Morgan,Niel
3,Whited 2,64,65,22,2024-08-01 07:43:32.782502,Grace,Morgan,Niel
3,Glenbury 1,22,22,65,2024-08-01 07:44:02.782502,Grace,Morgan,Niel
3,Whited 2,64,65,22,2024-08-01 08:03:39.444770,Grace,Morgan,Niel
3,Glenbury 1,22,22,65,2024-08-01 08:04:09.444770,Grace,Morgan,Niel
3,Whited 2,64,65,22,2024-08-01 08:23:46.107038,Grace,Morgan,Niel
3,Glenbury 1,22,22,65,2024-08-01 08:24:16.107038,Grace,Morgan,Niel
3,Whited 2,64,65,22,2024-08-01 08:43:52.769306,Grace,Morgan,Niel
3,Glenbury 1,22,22,65,2024-08-01 08:44:22.769306,Grace,Morgan,Niel
3,Glenbury 1,65,65,65,2024-08-01 08:44:52.769306,Grace,Morgan,Niel
3,Glenbury 1,65,65,65,2024-08-01 08:45:22.769306,Grace,Morgan,Niel
3,Glenbury 1,65,65,65,2024-08-01 08:45:52.769306,Grace,Morgan,Niel
3,Glenbury 1,65,65,65,2024-08-01 08:46:22.769306,Grace,Morgan,Niel
3,Glenbury 1,65,65,65,2024-08-01 08:46:52.769306,Grace,Morgan,Niel
3,Glenbury 1,65,65,65,2024-08-01 08:47:22.769306,Grace,Morgan,Niel
3,Glenbury 1,65,65,65,2024-08-01 08:47:52.769306,Grace,Morgan,Niel
3,Glenbury 1,65,65,65,2024-08-01 08:48:22.769306,Grace,Morgan,Niel
3,Glenbury 1,65,65,65,2024-08-01 08:48:52.769306,Grace,Morgan,Niel
3,Glenbury 1,65,65,65,2024-08-01 08:49:22.769306,Grace,Morgan,Niel
3,Glenbury 1,65,65,65,2024-08-01 08:49:52.769306,Grace,Morgan,Niel
3,Glenbury 1,65,65,65,2024-08-01 08:50:22.769306,Grace,Morgan,Niel
3,Glenbury 1,65,65,65,2024-08-01 08:50:52.769306,Grace,Morgan,Niel
3,Glenbury 1,65,65,65,2024-08-01 08:51:22.769306,Grace,Morgan,Niel
3,Glenbury 1,65,65,65,2024-08-01 08:51:52.769306,Grace,Morgan,Niel
3,Glenbury 1,65,65,65,2024-08-01 08:52:22.769306,Grace,Morgan,Niel
3,Glenbury 1,65,65,65,2024-08-01 08:52:52.769306,Grace,Morgan,Niel
3,Glenbury 1,65,65,65,2024-08-01 08:53:22.769306,Grace,Morgan,Niel
3,Glenbury 1,65,65,65,2024-08-01 08:53:52.769306,Grace,Morgan,Niel
3,Glenbury 1,65,65,65,2024-08-01 08:54:22.769306,Grace,Morgan,Niel
3,Glenbury 1,65,65,65,2024-08-01 08:54:52.769306,Grace,Morgan,Niel
3,Glenbury 1,65,65,65,2024-08-01 08:55:22.769306,Grace,Morgan,Niel
3,Glenbury 1,65,65,65,2024-08-01 08:55:52.769306,Grace,Morgan,Niel
3,Glenbury 1,65,65,65,2024-08-01 08:56:22.769306,Grace,Morgan,Niel
3,Glenbury 1,65,65,65,2024-08-01 08:56:52.769306,Grace,Morgan,Niel
3,Glenbury 1,65,65,65,2024-08-01 08:57:22.769306,Grace,Morgan,Niel
3,Glenbury 1,65,65,65,2024-08-01 08:57:52.769306,Grace,Morgan,Niel
3,Glenbury 1,65,65,65,2024-08-01 08:58:22.769306,Grace,Morgan,Niel
3,Glenbury 1,65,65,65,2024-08-01 08:58:52.769306,Grace,Morgan,Niel
3,Glenbury 1,65,65,65,2024-08-01 08:59:22.769306,Grace,Morgan,Niel
3,Glenbury 1,65,65,65,2024-08-01 08:59:52.769306,Grace,Morgan,Niel
3,Glenbury 1,65,65,65,2024-08-01 09:00:22.769306,Grace,Morgan,Niel
3,Glenbury 1,65,65,65,2024-08-01 09:00:52.769306,Grace,Morgan,Niel
3,Yard,65,65,152,2024-08-01 09:01:22.769306,Grace,Morgan,Niel
3,Glenbury 1,152,152,65,2024-08-01 09:01:13.845714,Hannah,Ophelia,Paul
3,Whited 2,64,65,22,2024-08-01 09:20:50.507982,Hannah,Ophelia,Paul
3,Glenbury 1,22,22,65,2024-08-01 09:21:20.507982,Hannah,Ophelia,Paul
3,Whited 2,64,65,22,2024-08-01 09:40:57.170250,Hannah,Ophelia,Paul
3,Glenbury 1,22,22,65,2024-08-01 09:41:27.170250,Hannah,Ophelia,Paul
3,Whited 2,64,65,22,2024-08-01 10:01:03.832518,Hannah,Ophelia,Paul
3,Glenbury 1,22,22,65,2024-08-01 10:01:33.832518,Hannah,Ophelia,Paul
3,Whited 2,64,65,22,2024-08-01 10:21:10.494786,Hannah,Ophelia,Paul
3,Glenbury 1,22,22,65,2024-08-01 10:21:40.494786,Hannah,Ophelia,Paul
3,Whited 2,64,65,22,2024-08-01 10:41:17.157054,Hannah,Ophelia,Paul
3,Glenbury 1,22,22,65,2024-08-01 10:41:47.157054,Hannah,Ophelia,Paul
3,Whited 2,64,65,22,2024-08-01 11:01:23.819322,Hannah,Ophelia,Paul
3,Glenbury 1,22,22,65,2024-08-01 11:01:53.819322,Hannah,Ophelia,Paul
3,Whited 2,64,65,22,2024-08-01 11:21:30.481590,Hannah,Ophelia,Paul
3,Glenbury 1,22,22,65,2024-08-01 11:22:00.481590,Hannah,Ophelia,Paul
3,Whited 2,64,65,22,2024-08-01 11:41:37.143858,Hannah,Ophelia,Paul
3,Glenbury 1,22,22,65,2024-08-01 11:42:07.143858,Hannah,Ophelia,Paul
3,Whited 2,64,65,22,2024-08-01 12:01:43.806126,Hannah,Ophelia,Paul
3,Glenbury 1,22,22,65,2024-08-01 12:02:13.806126,Hannah,Ophelia,Paul
3,Whited 2,64,65,22,2024-08-01 12:21:50.468394,Hannah,Ophelia,Paul
3,Glenbury 1,22,22,65,2024-08-01 12:22:20.468394,Hannah,Ophelia,Paul
3,Whited 2,64,65,22,2024-08-01 12:41:57.130662,Hannah,Ophelia,Paul
3,Glenbury 1,22,22,65,2024-08-01 12:42:27.130662,Hannah,Ophelia,Paul
3,Whited 2,64,65,22,2024-08-01 13:02:03.792930,Hannah,Ophelia,Paul
3,Yard,22,22,152,2024-08-01 13:02:33.792930,Hannah,Ophelia,Paul
3,Glenbury 1,152,152,65,2024-08-01 13:33:09.484358,Hannah,Ophelia,Paul
3,Whited 2,64,65,22,2024-08-01 13:52:46.146626,Hannah,Ophelia,Paul
3,Glenbury 1,22,22,65,2024-08-01 13:53:16.146626,Hannah,Ophelia,Paul
3,Whited 2,64,65,22,2024-08-01 14:12:52.808894,Hannah,Ophelia,Paul
3,Glenbury 1,22,22,65,2024-08-01 14:13:22.808894,Hannah,Ophelia,Paul
3,Whited 2,64,65,22,2024-08-01 14:32:59.471162,Hannah,Ophelia,Paul
3,Glenbury 1,22,22,65,2024-08-01 14:33:29.471162,Hannah,Ophelia,Paul
3,Whited 2,64,65,22,2024-08-01 14:53:06.133430,Hannah,Ophelia,Paul
3,Glenbury 1,22,22,65,2024-08-01 14:53:36.133430,Hannah,Ophelia,Paul
3,Whited 2,64,65,22,2024-08-01 15:13:12.795698,Hannah,Ophelia,Paul
3,Glenbury 1,22,22,65,2024-08-01 15:13:42.795698,Hannah,Ophelia,Paul
3,Whited 2,64,65,22,2024-08-01 15:33:19.457966,Hannah,Ophelia,Paul
3,Glenbury 1,22,22,65,2024-08-01 15:33:49.457966,Hannah,Ophelia,Paul
3,Whited 2,64,65,22,2024-08-01 15:53:26.120234,Hannah,Ophelia,Paul
3,Glenbury 1,22,22,65,2024-08-01 15:53:56.120234,Hannah,Ophelia,Paul
3,Whited 2,64,65,22,2024-08-01 16:13:32.782502,Hannah,Ophelia,Paul
3,Glenbury 1,22,22,65,2024-08-01 16:14:02.782502,Hannah,Ophelia,Paul
3,Whited 2,64,65,22,2024-08-01 16:33:39.444770,Hannah,Ophelia,Paul
3,Glenbury 1,22,22,65,2024-08-01 16:34:09.444770,Hannah,Ophelia,Paul
3,Whited 2,64,65,22,2024-08-01 16:53:46.107038,Hannah,Ophelia,Paul
3,Glenbury 1,22,22,65,2024-08-01 16:54:16.107038,Hannah,Ophelia,Paul
3,Whited 2,64,65,22,2024-08-01 17:13:52.769306,Hannah,Ophelia,Paul
3,Glenbury 1,22,22,65,2024-08-01 17:14:22.769306,Hannah,Ophelia,Paul
3,Glenbury 1,65,65,65,2024-08-01 17:14:52.769306,Hannah,Ophelia,Paul
3,Glenbury 1,65,65,65,2024-08-01 17:15:22.769306,Hannah,Ophelia,Paul
3,Glenbury 1,65,65,65,2024-08-01 17:15:52.769306,Hannah,Ophelia,Paul
3,Glenbury 1,65,65,65,2024-08-01 17:16:22.769306,Hannah,Ophelia,Paul
3,Glenbury 1,65,65,65,2024-08-01 17:16:52.769306,Hannah,Ophelia,Paul
3,Glenbury 1,65,65,65,2024-08-01 17:17:22.769306,Hannah,Ophelia,Paul
3,Glenbury 1,65,65,65,2024-08-01 17:17:52.769306,Hannah,Ophelia,Paul
3,Glenbury 1,65,65,65,2024-08-01 17:18:22.769306,Hannah,Ophelia,Paul
3,Glenbury 1,65,65,65,2024-08-01 17:18:52.769306,Hannah,Ophelia,Paul
3,Glenbury 1,65,65,65,2024-08-01 17:19:22.769306,Hannah,Ophelia,Paul
3,Glenbury 1,65,65,65,2024-08-01 17:19:52.769306,Hannah,Ophelia,Paul
3,Glenbury 1,65,65,65,2024-08-01 17:20:22.769306,Hannah,Ophelia,Paul
3,Glenbury 1,65,65,65,2024-08-01 17:20:52.769306,Hannah,Ophelia,Paul
3,Glenbury 1,65,65,65,2024-08-01 17:21:22.769306,Hannah,Ophelia,Paul
3,Glenbury 1,65,65,65,2024-08-01 17:21:52.769306,Hannah,Ophelia,Paul
3,Glenbury 1,65,65,65,2024-08-01 17:22:22.769306,Hannah,Ophelia,Paul
3,Glenbury 1,65,65,65,2024-08-01 17:22:52.769306,Hannah,Ophelia,Paul
3,Glenbury 1,65,65,65,2024-08-01 17:23:22.769306,Hannah,Ophelia,Paul
3,Glenbury 1,65,65,65,2024-08-01 17:23:52.769306,Hannah,Ophelia,Paul
3,Glenbury 1,65,65,65,2024-08-01 17:24:22.769306,Hannah,Ophelia,Paul
3,Glenbury 1,65,65,65,2024-08-01 17:24:52.769306,Hannah,Ophelia,Paul
3,Glenbury 1,65,65,65,2024-08-01 17:25:22.769306,Hannah,Ophelia,Paul
3,Glenbury 1,65,65,65,2024-08-01 17:25:52.769306,Hannah,Ophelia,Paul
3,Glenbury 1,65,65,65,2024-08-01 17:26:22.769306,Hannah,Ophelia,Paul
3,Glenbury 1,65,65,65,2024-08-01 17:26:52.769306,Hannah,Ophelia,Paul
3,Glenbury 1,65,65,65,2024-08-01 17:27:22.769306,Hannah,Ophelia,Paul
3,Glenbury 1,65,65,65,2024-08-01 17:27:52.769306,Hannah,Ophelia,Paul
3,Glenbury 1,65,65,65,2024-08-01 17:28:22.769306,Hannah,Ophelia,Paul
3,Glenbury 1,65,65,65,2024-08-01 17:28:52.769306,Hannah,Ophelia,Paul
3,Glenbury 1,65,65,65,2024-08-01 17:29:22.769306,Hannah,Ophelia,Paul
3,Glenbury 1,65,65,65,2024-08-01 17:29:52.769306,Hannah,Ophelia,Paul
3,Glenbury 1,65,65,65,2024-08-01 17:30:22.769306,Hannah,Ophelia,Paul
3,Glenbury 1,65,65,65,2024-08-01 17:30:52.769306,Hannah,Ophelia,Paul
3,Yard,65,65,152,2024-08-01 17:31:22.769306,Hannah,Ophelia,Paul
3,Glenbury 1,152,152,65,2024-08-01 17:31:13.845714,Ivy,Quinn,Roger
3,Whited 2,64,65,22,2024-08-01 17:50:50.507982,Ivy,Quinn,Roger
3,Glenbury 1,22,22,65,2024-08-01 17:51:20.507982,Ivy,Quinn,Roger
3,Whited 2,64,65,22,2024-08-01 18:10:57.170250,Ivy,Quinn,Roger
3,Glenbury 1,22,22,65,2024-08-01 18:11:27.170250,Ivy,Quinn,Roger
3,Whited 2,64,65,22,2024-08-01 18:31:03.832518,Ivy,Quinn,Roger
3,Glenbury 1,22,22,65,2024-08-01 18:31:33.832518,Ivy,Quinn,Roger
3,Whited 2,64,65,22,2024-08-01 18:51:10.494786,Ivy,Quinn,Roger
3,Glenbury 1,22,22,65,2024-08-01 18:51:40.494786,Ivy,Quinn,Roger
3,Whited 2,64,65,22,2024-08-01 19:11:17.157054,Ivy,Quinn,Roger
3,Glenbury 1,22,22,65,2024-08-01 19:11:47.157054,Ivy,Quinn,Roger
3,Whited 2,64,65,22,2024-08-01 19:31:23.819322,Ivy,Quinn,Roger
3,Glenbury 1,22,22,65,2024-08-01 19:31:53.819322,Ivy,Quinn,Roger
3,Whited 2,64,65,22,2024-08-01 19:51:30.481590,Ivy,Quinn,Roger
3,Glenbury 1,22,22,65,2024-08-01 19:52:00.481590,Ivy,Quinn,Roger
3,Whited 2,64,65,22,2024-08-01 20:11:37.143858,Ivy,Quinn,Roger
3,Glenbury 1,22,22,65,2024-08-01 20:12:07.143858,Ivy,Quinn,Roger
3,Whited 2,64,65,22,2024-08-01 20:31:43.806126,Ivy,Quinn,Roger
3,Glenbury 1,22,22,65,2024-08-01 20:32:13.806126,Ivy,Quinn,Roger
3,Whited 2,64,65,22,2024-08-01 20:51:50.468394,Ivy,Quinn,Roger
3,Glenbury 1,22,22,65,2024-08-01 20:52:20.468394,Ivy,Quinn,Roger
3,Whited 2,64,65,22,2024-08-01 21:11:57.130662,Ivy,Quinn,Roger
3,Glenbury 1,22,22,65,2024-08-01 21:12:27.130662,Ivy,Quinn,Roger
3,Whited 2,64,65,22,2024-08-01 21:32:03.792930,Ivy,Quinn,Roger
3,Yard,22,22,152,2024-08-01 21:32:33.792930,Ivy,Quinn,Roger
3,Glenbury 1,152,152,65,2024-08-01 22:03:09.484358,Ivy,Quinn,Roger
3,Whited 2,64,65,22,2024-08-01 22:22:46.146626,Ivy,Quinn,Roger
3,Glenbury 1,22,22,65,2024-08-01 22:23:16.146626,Ivy,Quinn,Roger
3,Whited 2,64,65,22,2024-08-01 22:42:52.808894,Ivy,Quinn,Roger
3,Glenbury 1,22,22,65,2024-08-01 22:43:22.808894,Ivy,Quinn,Roger
3,Whited 2,64,65,22,2024-08-01 23:02:59.471162,Ivy,Quinn,Roger
3,Glenbury 1,22,22,65,2024-08-01 23:03:29.471162,Ivy,Quinn,Roger
3,Whited 2,64,65,22,2024-08-01 23:23:06.133430,Ivy,Quinn,Roger
3,Glenbury 1,22,22,65,2024-08-01 23:23:36.133430,Ivy,Quinn,Roger
3,Whited 2,64,65,22,2024-08-01 23:43:12.795698,Ivy,Quinn,Roger
3,Glenbury 1,22,22,65,2024-08-01 23:43:42.795698,Ivy,Quinn,Roger
3,Whited 2,64,65,22,2024-08-02 00:03:19.457966,Ivy,Quinn,Roger
3,Yard,22,22,152,2024-08-02 00:03:49.457966,Ivy,Quinn,Roger
4,Glenbury 1,152,152,65,2024-08-01 00:46:13.845714,Jack,Stacy,Terry
4,Whited 2,64,65,22,2024-08-01 01:05:50.507982,Jack,Stacy,Terry
4,Glenbury 1,22,22,65,2024-08-01 01:06:20.507982,Jack,Stacy,Terry
4,Whited 2,64,65,22,2024-08-01 01:25:57.170250,Jack,Stacy,Terry
4,Glenbury 1,22,22,65,2024-08-01 01:26:27.170250,Jack,Stacy,Terry
4,Whited 2,64,65,22,2024-08-01 01:46:03.832518,Jack,Stacy,Terry
4,Glenbury 1,22,22,65,2024-08-01 01:46:33.832518,Jack,Stacy,Terry
4,Whited 2,64,65,22,2024-08-01 02:06:10.494786,Jack,Stacy,Terry
4,Glenbury 1,22,22,65,2024-08-01 02:06:40.494786,Jack,Stacy,Terry
4,Whited 2,64,65,22,2024-08-01 02:26:17.157054,Jack,Stacy,Terry
4,Glenbury 1,22,22,65,2024-08-01 02:26:47.157054,Jack,Stacy,Terry
4,Whited 2,64,65,22,2024-08-01 02:46:23.819322,Jack,Stacy,Terry
4,Glenbury 1,22,22,65,2024-08-01 02:46:53.819322,Jack,Stacy,Terry
4,Whited 2,64,65,22,2024-08-01 03:06:30.481590,Jack,Stacy,Terry
4,Glenbury 1,22,22,65,2024-08-01 03:07:00.481590,Jack,Stacy,Terry
4,Whited 2,64,65,22,2024-08-01 03:26:37.143858,Jack,Stacy,Terry
4,Glenbury 1,22,22,65,2024-08-01 03:27:07.143858,Jack,Stacy,Terry
4,Whited 2,64,65,22,2024-08-01 03:46:43.806126,Jack,Stacy,Terry
4,Glenbury 1,22,22,65,2024-08-01 03:47:13.806126,Jack,Stacy,Terry
4,Whited 2,64,65,22,2024-08-01 04:06:50.468394,Jack,Stacy,Terry
4,Glenbury 1,22,22,65,2024-08-01 04:07:20.468394,Jack,Stacy,Terry
4,Whited 2,64,65,22,2024-08-01 04:26:57.130662,Jack,Stacy,Terry
4,Glenbury 1,22,22,65,2024-08-01 04:27:27.130662,Jack,Stacy,Terry
4,Whited 2,64,65,22,2024-08-01 04:47:03.792930,Jack,Stacy,Terry
4,Yard,22,22,152,2024-08-01 04:47:33.792930,Jack,Stacy,Terry
4,Glenbury 1,152,152,65,2024-08-01 05:18:09.484358,Jack,Stacy,Terry
4,Whited 2,64,65,22,2024-08-01 05:37:46.146626,Jack,Stacy,Terry
4,Glenbury 1,22,22,65,2024-08-01 05:38:16.146626,Jack,Stacy,Terry
4,Whited 2,64,65,22,2024-08-01 05:57:52.808894,Jack,Stacy,Terry
4,Glenbury 1,22,22,65,2024-08-01 05:58:22.808894,Jack,Stacy,Terry
4,Whited 2,64,65,22,2024-08-01 06:17:59.471162,Jack,Stacy,Terry
4,Glenbury 1,22,22,65,2024-08-01 06:18:29.471162,Jack,Stacy,Terry
4,Whited 2,64,65,22,2024-08-01 06:38:06.133430,Jack,Stacy,Terry
4,Glenbury 1,22,22,65,2024-08-01 06:38:36.133430,Jack,Stacy,Terry
4,Whited 2,64,65,22,2024-08-01 06:58:12.795698,Jack,Stacy,Terry
4,Glenbury 1,22,22,65,2024-08-01 06:58:42.795698,Jack,Stacy,Terry
4,Whited 2,64,65,22,2024-08-01 07:18:19.457966,Jack,Stacy,Terry
4,Glenbury 1,22,22,65,2024-08-01 07:18:49.457966,Jack,Stacy,Terry
4,Whited 2,64,65,22,2024-08-01 07:38:26.120234,Jack,Stacy,Terry
4,Glenbury 1,22,22,65,2024-08-01 07:38:56.120234,Jack,Stacy,Terry
4,Whited 2,64,65,22,2024-08-01 07:58:32.782502,Jack,Stacy,Terry
4,Glenbury 1,22,22,65,2024-08-01 07:59:02.782502,Jack,Stacy,Terry
4,Whited 2,64,65,22,2024-08-01 08:18:39.444770,Jack,Stacy,Terry
4,Glenbury 1,22,22,65,2024-08-01 08:19:09.444770,Jack,Stacy,Terry
4,Whited 2,64,65,22,2024-08-01 08:38:46.107038,Jack,Stacy,Terry
4,Glenbury 1,22,22,65,2024-08-01 08:39:16.107038,Jack,Stacy,Terry
4,Whited 2,64,65,22,2024-08-01 08:58:52.769306,Jack,Stacy,Terry
4,Glenbury 1,22,22,65,2024-08-01 08:59:22.769306,Jack,Stacy,Terry
4,Glenbury 1,65,65,65,2024-08-01 08:59:52.769306,Jack,Stacy,Terry
4,Glenbury 1,65,65,65,2024-08-01 09:00:22.769306,Jack,Stacy,Terry
4,Glenbury 1,65,65,65,2024-08-01 09:00:52.769306,Jack,Stacy,Terry
4,Glenbury 1,65,65,65,2024-08-01 09:01:22.769306,Jack,Stacy,Terry
4,Glenbury 1,65,65,65,2024-08-01 09:01:52.769306,Jack,Stacy,Terry
4,Glenbury 1,65,65,65,2024-08-01 09:02:22.769306,Jack,Stacy,Terry
4,Glenbury 1,65,65,65,2024-08-01 09:02:52.769306,Jack,Stacy,Terry
4,Glenbury 1,65,65,65,2024-08-01 09:03:22.769306,Jack,Stacy,Terry
4,Glenbury 1,65,65,65,2024-08-01 09:03:52.769306,Jack,Stacy,Terry
4,Glenbury 1,65,65,65,2024-08-01 09:04:22.769306,Jack,Stacy,Terry
4,Glenbury 1,65,65,65,2024-08-01 09:04:52.769306,Jack,Stacy,Terry
4,Glenbury 1,65,65,65,2024-08-01 09:05:22.769306,Jack,Stacy,Terry
4,Glenbury 1,65,65,65,2024-08-01 09:05:52.769306,Jack,Stacy,Terry
4,Glenbury 1,65,65,65,2024-08-01 09:06:22.769306,Jack,Stacy,Terry
4,Glenbury 1,65,65,65,2024-08-01 09:06:52.769306,Jack,Stacy,Terry
4,Glenbury 1,65,65,65,2024-08-01 09:07:22.769306,Jack,Stacy,Terry
4,Glenbury 1,65,65,65,2024-08-01 09:07:52.769306,Jack,Stacy,Terry
4,Glenbury 1,65,65,65,2024-08-01 09:08:22.769306,Jack,Stacy,Terry
4,Glenbury 1,65,65,65,2024-08-01 09:08:52.769306,Jack,Stacy,Terry
4,Glenbury 1,65,65,65,2024-08-01 09:09:22.769306,Jack,Stacy,Terry
4,Glenbury 1,65,65,65,2024-08-01 09:09:52.769306,Jack,Stacy,Terry
4,Glenbury 1,65,65,65,2024-08-01 09:10:22.769306,Jack,Stacy,Terry
4,Glenbury 1,65,65,65,2024-08-01 09:10:52.769306,Jack,Stacy,Terry
4,Glenbury 1,65,65,65,2024-08-01 09:11:22.769306,Jack,Stacy,Terry
4,Glenbury 1,65,65,65,2024-08-01 09:11:52.769306,Jack,Stacy,Terry
4,Glenbury 1,65,65,65,2024-08-01 09:12:22.769306,Jack,Stacy,Terry
4,Glenbury 1,65,65,65,2024-08-01 09:12:52.769306,Jack,Stacy,Terry
4,Glenbury 1,65,65,65,2024-08-01 09:13:22.769306,Jack,Stacy,Terry
4,Glenbury 1,65,65,65,2024-08-01 09:13:52.769306,Jack,Stacy,Terry
4,Glenbury 1,65,65,65,2024-08-01 09:14:22.769306,Jack,Stacy,Terry
4,Glenbury 1,65,65,65,2024-08-01 09:14:52.769306,Jack,Stacy,Terry
4,Glenbury 1,65,65,65,2024-08-01 09:15:22.769306,Jack,Stacy,Terry
4,Glenbury 1,65,65,65,2024-08-01 09:15:52.769306,Jack,Stacy,Terry
4,Yard,65,65,152,2024-08-01 09:16:22.769306,Jack,Stacy,Terry
4,Glenbury 1,152,152,65,2024-08-01 09:16:13.845714,Alejandro,Alice,Barbra
4,Whited 2,64,65,22,2024-08-01 09:35:50.507982,Alejandro,Alice,Barbra
4,Glenbury 1,22,22,65,2024-08-01 09:36:20.507982,Alejandro,Alice,Barbra
4,Whited 2,64,65,22,2024-08-01 09:55:57.170250,Alejandro,Alice,Barbra
4,Glenbury 1,22,22,65,2024-08-01 09:56:27.170250,Alejandro,Alice,Barbra
4,Whited 2,64,65,22,2024-08-01 10:16:03.832518,Alejandro,Alice,Barbra
4,Glenbury 1,22,22,65,2024-08-01 10:16:33.832518,Alejandro,Alice,Barbra
4,Whited 2,64,65,22,2024-08-01 10:36:10.494786,Alejandro,Alice,Barbra
4,Glenbury 1,22,22,65,2024-08-01 10:36:40.494786,Alejandro,Alice,Barbra
4,Whited 2,64,65,22,2024-08-01 10:56:17.157054,Alejandro,Alice,Barbra
4,Glenbury 1,22,22,65,2024-08-01 10:56:47.157054,Alejandro,Alice,Barbra
4,Whited 2,64,65,22,2024-08-01 11:16:23.819322,Alejandro,Alice,Barbra
4,Glenbury 1,22,22,65,2024-08-01 11:16:53.819322,Alejandro,Alice,Barbra
4,Whited 2,64,65,22,2024-08-01 11:36:30.481590,Alejandro,Alice,Barbra
4,Glenbury 1,22,22,65,2024-08-01 11:37:00.481590,Alejandro,Alice,Barbra
4,Whited 2,64,65,22,2024-08-01 11:56:37.143858,Alejandro,Alice,Barbra
4,Glenbury 1,22,22,65,2024-08-01 11:57:07.143858,Alejandro,Alice,Barbra
4,Whited 2,64,65,22,2024-08-01 12:16:43.806126,Alejandro,Alice,Barbra
4,Glenbury 1,22,22,65,2024-08-01 12:17:13.806126,Alejandro,Alice,Barbra
4,Whited 2,64,65,22,2024-08-01 12:36:50.468394,Alejandro,Alice,Barbra
4,Glenbury 1,22,22,65,2024-08-01 12:37:20.468394,Alejandro,Alice,Barbra
4,Whited 2,64,65,22,2024-08-01 12:56:57.130662,Alejandro,Alice,Barbra
4,Glenbury 1,22,22,65,2024-08-01 12:57:27.130662,Alejandro,Alice,Barbra
4,Whited 2,64,65,22,2024-08-01 13:17:03.792930,Alejandro,Alice,Barbra
4,Yard,22,22,152,2024-08-01 13:17:33.792930,Alejandro,Alice,Barbra
4,Glenbury 1,152,152,65,2024-08-01 13:48:09.484358,Alejandro,Alice,Barbra
4,Whited 2,64,65,22,2024-08-01 14:07:46.146626,Alejandro,Alice,Barbra
4,Glenbury 1,22,22,65,2024-08-01 14:08:16.146626,Alejandro,Alice,Barbra
4,Whited 2,64,65,22,2024-08-01 14:27:52.808894,Alejandro,Alice,Barbra
4,Glenbury 1,22,22,65,2024-08-01 14:28:22.808894,Alejandro,Alice,Barbra
4,Whited 2,64,65,22,2024-08-01 14:47:59.471162,Alejandro,Alice,Barbra
4,Glenbury 1,22,22,65,2024-08-01 14:48:29.471162,Alejandro,Alice,Barbra
4,Whited 2,64,65,22,2024-08-01 15:08:06.133430,Alejandro,Alice,Barbra
4,Glenbury 1,22,22,65,2024-08-01 15:08:36.133430,Alejandro,Alice,Barbra
4,Whited 2,64,65,22,2024-08-01 15:28:12.795698,Alejandro,Alice,Barbra
4,Glenbury 1,22,22,65,2024-08-01 15:28:42.795698,Alejandro,Alice,Barbra
4,Whited 2,64,65,22,2024-08-01 15:48:19.457966,Alejandro,Alice,Barbra
4,Glenbury 1,22,22,65,2024-08-01 15:48:49.457966,Alejandro,Alice,Barbra
4,Whited 2,64,65,22,2024-08-01 16:08:26.120234,Alejandro,Alice,Barbra
4,Glenbury 1,22,22,65,2024-08-01 16:08:56.120234,Alejandro,Alice,Barbra
4,Whited 2,64,65,22,2024-08-01 16:28:32.782502,Alejandro,Alice,Barbra
4,Glenbury 1,22,22,65,2024-08-01 16:29:02.782502,Alejandro,Alice,Barbra
4,Whited 2,64,65,22,2024-08-01 16:48:39.444770,Alejandro,Alice,Barbra
4,Glenbury 1,22,22,65,2024-08-01 16:49:09.444770,Alejandro,Alice,Barbra
4,Whited 2,64,65,22,2024-08-01 17:08:46.107038,Alejandro,Alice,Barbra
4,Glenbury 1,22,22,65,2024-08-01 17:09:16.107038,Alejandro,Alice,Barbra
4,Whited 2,64,65,22,2024-08-01 17:28:52.769306,Alejandro,Alice,Barbra
4,Glenbury 1,22,22,65,2024-08-01 17:29:22.769306,Alejandro,Alice,Barbra
4,Glenbury 1,65,65,65,2024-08-01 17:29:52.769306,Alejandro,Alice,Barbra
4,Glenbury 1,65,65,65,2024-08-01 17:30:22.769306,Alejandro,Alice,Barbra
4,Glenbury 1,65,65,65,2024-08-01 17:30:52.769306,Alejandro,Alice,Barbra
4,Glenbury 1,65,65,65,2024-08-01 17:31:22.769306,Alejandro,Alice,Barbra
4,Glenbury 1,65,65,65,2024-08-01 17:31:52.769306,Alejandro,Alice,Barbra
4,Glenbury 1,65,65,65,2024-08-01 17:32:22.769306,Alejandro,Alice,Barbra
4,Glenbury 1,65,65,65,2024-08-01 17:32:52.769306,Alejandro,Alice,Barbra
4,Glenbury 1,65,65,65,2024-08-01 17:33:22.769306,Alejandro,Alice,Barbra
4,Glenbury 1,65,65,65,2024-08-01 17:33:52.769306,Alejandro,Alice,Barbra
4,Glenbury 1,65,65,65,2024-08-01 17:34:22.769306,Alejandro,Alice,Barbra
4,Glenbury 1,65,65,65,2024-08-01 17:34:52.769306,Alejandro,Alice,Barbra
4,Glenbury 1,65,65,65,2024-08-01 17:35:22.769306,Alejandro,Alice,Barbra
4,Glenbury 1,65,65,65,2024-08-01 17:35:52.769306,Alejandro,Alice,Barbra
4,Glenbury 1,65,65,65,2024-08-01 17:36:22.769306,Alejandro,Alice,Barbra
4,Glenbury 1,65,65,65,2024-08-01 17:36:52.769306,Alejandro,Alice,Barbra
4,Glenbury 1,65,65,65,2024-08-01 17:37:22.769306,Alejandro,Alice,Barbra
4,Glenbury 1,65,65,65,2024-08-01 17:37:52.769306,Alejandro,Alice,Barbra
4,Glenbury 1,65,65,65,2024-08-01 17:38:22.769306,Alejandro,Alice,Barbra
4,Glenbury 1,65,65,65,2024-08-01 17:38:52.769306,Alejandro,Alice,Barbra
4,Glenbury 1,65,65,65,2024-08-01 17:39:22.769306,Alejandro,Alice,Barbra
4,Glenbury 1,65,65,65,2024-08-01 17:39:52.769306,Alejandro,Alice,Barbra
4,Glenbury 1,65,65,65,2024-08-01 17:40:22.769306,Alejandro,Alice,Barbra
4,Glenbury 1,65,65,65,2024-08-01 17:40:52.769306,Alejandro,Alice,Barbra
4,Glenbury 1,65,65,65,2024-08-01 17:41:22.769306,Alejandro,Alice,Barbra
4,Glenbury 1,65,65,65,2024-08-01 17:41:52.769306,Alejandro,Alice,Barbra
4,Glenbury 1,65,65,65,2024-08-01 17:42:22.769306,Alejandro,Alice,Barbra
4,Glenbury 1,65,65,65,2024-08-01 17:42:52.769306,Alejandro,Alice,Barbra
4,Glenbury 1,65,65,65,2024-08-01 17:43:22.769306,Alejandro,Alice,Barbra
4,Glenbury 1,65,65,65,2024-08-01 17:43:52.769306,Alejandro,Alice,Barbra
4,Glenbury 1,65,65,65,2024-08-01 17:44:22.769306,Alejandro,Alice,Barbra
4,Glenbury 1,65,65,65,2024-08-01 17:44:52.769306,Alejandro,Alice,Barbra
4,Glenbury 1,65,65,65,2024-08-01 17:45:22.769306,Alejandro,Alice,Barbra
4,Glenbury 1,65,65,65,2024-08-01 17:45:52.769306,Alejandro,Alice,Barbra
4,Yard,65,65,152,2024-08-01 17:46:22.769306,Alejandro,Alice,Barbra
4,Glenbury 1,152,152,65,2024-08-01 17:46:13.845714,Bob,Cole,Dan
4,Whited 2,64,65,22,2024-08-01 18:05:50.507982,Bob,Cole,Dan
4,Glenbury 1,22,22,65,2024-08-01 18:06:20.507982,Bob,Cole,Dan
4,Whited 2,64,65,22,2024-08-01 18:25:57.170250,Bob,Cole,Dan
4,Glenbury 1,22,22,65,2024-08-01 18:26:27.170250,Bob,Cole,Dan
4,Whited 2,64,65,22,2024-08-01 18:46:03.832518,Bob,Cole,Dan
4,Glenbury 1,22,22,65,2024-08-01 18:46:33.832518,Bob,Cole,Dan
4,Whited 2,64,65,22,2024-08-01 19:06:10.494786,Bob,Cole,Dan
4,Glenbury 1,22,22,65,2024-08-01 19:06:40.494786,Bob,Cole,Dan
4,Whited 2,64,65,22,2024-08-01 19:26:17.157054,Bob,Cole,Dan
4,Glenbury 1,22,22,65,2024-08-01 19:26:47.157054,Bob,Cole,Dan
4,Whited 2,64,65,22,2024-08-01 19:46:23.819322,Bob,Cole,Dan
4,Glenbury 1,22,22,65,2024-08-01 19:46:53.819322,Bob,Cole,Dan
4,Whited 2,64,65,22,2024-08-01 20:06:30.481590,Bob,Cole,Dan
4,Glenbury 1,22,22,65,2024-08-01 20:07:00.481590,Bob,Cole,Dan
4,Whited 2,64,65,22,2024-08-01 20:26:37.143858,Bob,Cole,Dan
4,Glenbury 1,22,22,65,2024-08-01 20:27:07.143858,Bob,Cole,Dan
4,Whited 2,64,65,22,2024-08-01 20:46:43.806126,Bob,Cole,Dan
4,Glenbury 1,22,22,65,2024-08-01 20:47:13.806126,Bob,Cole,Dan
4,Whited 2,64,65,22,2024-08-01 21:06:50.468394,Bob,Cole,Dan
4,Glenbury 1,22,22,65,2024-08-01 21:07:20.468394,Bob,Cole,Dan
4,Whited 2,64,65,22,2024-08-01 21:26:57.130662,Bob,Cole,Dan
4,Glenbury 1,22,22,65,2024-08-01 21:27:27.130662,Bob,Cole,Dan
4,Whited 2,64,65,22,2024-08-01 21:47:03.792930,Bob,Cole,Dan
4,Yard,22,22,152,2024-08-01 21:47:33.792930,Bob,Cole,Dan
4,Glenbury 1,152,152,65,2024-08-01 22:18:09.484358,Bob,Cole,Dan
4,Whited 2,64,65,22,2024-08-01 22:37:46.146626,Bob,Cole,Dan
4,Glenbury 1,22,22,65,2024-08-01 22:38:16.146626,Bob,Cole,Dan
4,Whited 2,64,65,22,2024-08-01 22:57:52.808894,Bob,Cole,Dan
4,Glenbury 1,22,22,65,2024-08-01 22:58:22.808894,Bob,Cole,Dan
4,Whited 2,64,65,22,2024-08-01 23:17:59.471162,Bob,Cole,Dan
4,Glenbury 1,22,22,65,2024-08-01 23:18:29.471162,Bob,Cole,Dan
4,Whited 2,64,65,22,2024-08-01 23:38:06.133430,Bob,Cole,Dan
4,Glenbury 1,22,22,65,2024-08-01 23:38:36.133430,Bob,Cole,Dan
4,Whited 2,64,65,22,2024-08-01 23:58:12.795698,Bob,Cole,Dan
4,Glenbury 1,22,22,65,2024-08-01 23:58:42.795698,Bob,Cole,Dan
4,Whited 2,64,65,22,2024-08-02 00:18:19.457966,Bob,Cole,Dan
4,Yard,22,22,152,2024-08-02 00:18:49.457966,Bob,Cole,Dan
